Issue Information,11 November 2018,,
Sizeâbyâenvironment interactions: a neglected dimension of species' responses to environmental variation,24 September 2018,"Andrew T. Tredennick,Brittany J. Teller,Peter B. Adler,Giles Hooker,Stephen P. Ellner","Department of Wildland Resources and the Ecology Center, Utah State University, Logan, UT, USA"
Bending the rules: exploitation of allochthonous resources by a topâpredator modifies sizeâabundance scaling in stream food webs,26 September 2018,"Daniel M. Perkins,Isabelle Durance,Francois K. Edwards,Jonathan Grey,Alan G. Hildrew,Michelle Jackson,J. Iwan Jones,Rasmus B. Lauridsen,Katrin LayerâDobra,Murray S. A. Thompson,Guy Woodward","Department of Life Sciences, Whitelands College, University of Roehampton, London, UK"
Limits to species richness in terrestrial communities,01 October 2018,John Alroy,"Department of Biological Sciences, Macquarie University, NSW, Australia"
Predicting coral community recovery using multiâspecies population dynamics models,11 September 2018,"Mohsen Kayal,Hunter S. Lenihan,Andrew J. Brooks,Sally J. Holbrook,Russell J. Schmitt,Bruce E. Kendall","Bren School of Environmental Science and Management, University of California, Santa Barbara, CA, USA,UPVDâCNRS, Centre de Formation et de Recherche sur les Environnements MÃ©diterranÃ©ens, UMR 5110, Perpignan, France,Centre de Recherche sur les EcosystÃ¨mes Marins (CREM), PortâBarcarÃ¨s, France"
Temporal scale of environmental correlations affects ecological synchrony,19 September 2018,"Robert A. Desharnais,Daniel C. Reuman,Robert F. Costantino,Joel E. Cohen","Department of Biological Sciences, California State University at Los Angeles, Los Angeles, CA, USA,Control and Dynamical Systems, California Institute of Technology, Pasadena, CA, USA"
Aquatic insects rich in omegaâ3 fatty acids drive breeding success in a widespread bird,24 September 2018,"Cornelia Wingfield Twining,Jeremy Ryan Shipley,David W. Winkler","Department of Ecology and Evolutionary Biology, Cornell University, Ithaca, NY, USA,Max Planck Institute for Ornithology, Radolfzell, Germany,Limnological Institute, University of Konstanz, Konstanz, Germany"
"Potential landscapeâscale pollinator networks across Great Britain: structure, stability and influence of agricultural land cover",17 September 2018,"John W. Redhead,Ben A. Woodcock,Michael J.O. Pocock,Richard F. Pywell,Adam J. Vanbergen,Tom H. Oliver","NERC Centre for Ecology and Hydrology, Wallingford, Oxfordshire, UK,School of Biological Sciences, University of Reading, Reading, Berkshire, UK"
Climatically controlled reproduction drives interannual growth variability in a temperate tree species,19 September 2018,"Andrew J. Hacket‐Pain,Davide Ascoli,Giorgio Vacchiano,Franco Biondi,Liam Cavin,Marco Conedera,Igor Drobyshev,Isabel Dorado Liñán,Andrew D. Friend,Michael Grabner,Claudia Hartl,Juergen Kreyling,François Lebourgeois,Tom Levanič,Annette Menzel,Ernst van der Maaten,Marieke van der Maaten‐Theunissen,Lena Muffler,Renzo Motta,Catalin‐Constantin Roibu,Ionel Popa,Tobias Scharnweber,Robert Weigel,Martin Wilmking,Christian S. Zang","Department of Geography and Planning, School of Environmental Sciences, University of Liverpool, Liverpool, UK"
Strong responses from weakly interacting species,01 October 2018,"Sean L. Tuck,Janielle Porter,Mark Rees,Lindsay A. Turnbull","Department of Plant Sciences, University of Oxford, Oxford, UK"
Evolutionarily stable communities: a framework for understanding the role of trait evolution in the maintenance of diversity,11 September 2018,"Kyle F. Edwards,Colin T. Kremer,Elizabeth T. Miller,Matthew M. Osmond,Elena Litchman,Christopher A. Klausmeier","Department of Oceanography, University of Hawai'i at Manoa, Honolulu, HI, USA"
On the relationship between body condition and parasite infection in wildlife: a review and metaâanalysis,04 October 2018,"Cecilia A. SÃ¡nchez,Daniel J. Becker,Claire S. Teitelbaum,Paola Barriga,Leone M. Brown,Ania A. Majewska,Richard J. Hall,Sonia Altizer","Odum School of Ecology, University of Georgia, Athens, GA, USA,Center for the Ecology of Infectious Disease, University of Georgia, Athens, GA, USA"
Sexual dimorphism in immunity across animals: a metaâanalysis,04 October 2018,"Clint D. Kelly,Andrew M. Stoehr,Charles Nunn,Kendra N. Smyth,Zofia M. Prokop","DÃ©partement des sciences biologiques, UniversitÃ© du QuÃ©bec Ã  MontrÃ©al, C.P. 8888, succursale CentreâVille, Montreal, QC, Canada"
Issue Information,09 October 2018,,
Species persistence under climate change: a geographical scale coexistence problem,05 September 2018,"Jacob Usinowicz,Jonathan M. Levine","Institute of Integrative Biology, ETH Zurich, Zurich, Switzerland"
Ecosystem context illuminates conflicting roles of plant diversity in carbon storage,27 August 2018,"E. Carol Adair,David U. Hooper,Alain Paquette,Bruce A. Hungate","Rubenstein School of Environment and Natural Resources, University of Vermont, Burlington, VT, USA"
Connectivity increases trophic subsidies in fragmented landscapes,05 September 2018,"Christine L. Hawn,John D. Herrmann,Sean R. Griffin,Nick M. Haddad","Geography and Environmental Systems, University of Maryland Baltimore County, Baltimore, MD, USA"
"To replicate, or not to replicate â that is the question: how to tackle nonlinear responses in ecological experiments",23 August 2018,"Juergen Kreyling,Andreas H. Schweiger,Michael Bahn,Phil Ineson,Mirco Migliavacca,Thibaut MorelâJournel,Jesper Riis Christiansen,Nicolas Schtickzelle,Klaus Steenberg Larsen","Experimental Plant Ecology, Institute for Botany and Landscape Ecology, Greifswald University, Greifswald, Germany"
Elevated CO,29 August 2018,"Yolima Carrillo,Feike Dijkstra,Dan LeCain,Dana Blumenthal,Elise Pendall","Hawkesbury Institute for the Environment, Western Sydney University, Penrith, NSW, Australia"
Nonânative species led to marked shifts in functional diversity of the world freshwater fish faunas,05 September 2018,"AurÃ¨le Toussaint,Nicolas Charpin,Olivier Beauchard,GaÃ«l Grenouillet,Thierry Oberdorff,Pablo A. Tedesco,SÃ©bastien Brosse,SÃ©bastien VillÃ©ger","UniversitÃ© Paul Sabatier, CNRS, IRD, UMR5174 EDB (Laboratoire Ãvolution et DiversitÃ© Biologique), Toulouse, France,Institute of Ecology and Earth Sciences, Department of Botany, University of Tartu, Tartu, Estonia"
Mapping the imprint of biotic interactions on Î²âdiversity,28 August 2018,"Marc Ohlmann,Florent Mazel,LoÃ¯c Chalmandrier,StÃ©phane Bec,Eric Coissac,Ludovic Gielly,Johan Pansu,Vincent Schilling,Pierre Taberlet,Lucie Zinger,JÃ©rome Chave,Wilfried Thuiller","University Grenoble Alpes, CNRS, Univ. Savoie Mont Blanc, CNRS, LECA, Grenoble, France"
Migratory monarchs that encounter resident monarchs show lifeâhistory differences and higher rates of parasite infection,27 August 2018,"Dara A. Satterfield,John C. Maerz,Mark D. Hunter,D.T. Tyler Flockhart,Keith A. Hobson,D. Ryan Norris,Hillary Streit,Jacobus C. de Roode,Sonia Altizer","Odum School of Ecology, University of Georgia, Athens, GA, USA"
"Foundation species patch configuration mediates salt marsh biodiversity, stability and multifunctionality",23 August 2018,"Sinéad M. Crotty,Sean J. Sharp,Ada C. Bersoza,Kimberly D. Prince,Katheryne Cronk,Emma E. Johnson,Christine Angelini","Environmental Engineering Sciences, Engineering School of Sustainable Infrastructure and Environment, University of Florida, Gainesville, FL, USA"
Transient LTRE analysis reveals the demographic and traitâmediated processes that buffer population growth,05 September 2018,"Adriana A. MaldonadoâChaparro,Daniel T. Blumstein,Kenneth B. Armitage,Dylan Z. Childs","Department of Ecology and Evolutionary Biology, University of California, 621 Charles E. Young Drive South, Los Angeles, CA, USA,Department of Collective Behaviour, Max Planck Institute for Ornithology, Konstanz, Germany,Department of Biology, University of Konstanz, Konstanz, Germany"
Insect pollination is at least as important for marketable crop yield as plant quality in a seed crop,06 September 2018,"Thijs P. M. Fijen,Jeroen A. Scheper,Timo M. Boom,Nicole Janssen,Ivo Raemakers,David Kleijn","Wageningen University, Plant Ecology and Nature Conservation Group, Wageningen, The Netherlands"
A microcalorimetric approach for investigating stoichiometric constraints on the standard metabolic rate of a small invertebrate,28 August 2018,"Thomas Ruiz,Alexandre Bec,Michael Danger,Apostolos‐Manuel Koussoroplis,Jean‐Pierre Aguer,Jean‐Pierre Morel,Nicole Morel‐Desrosiers","Université Clermont Auvergne, CNRS, LMGE, Clermont‐Ferrand, France"
The ecohydrological context of drought and classification of plant responses,27 August 2018,"Xue Feng,David D. Ackerly,Todd E. Dawson,Stefano Manzoni,Rob P. Skelton,Giulia Vico,Sally E. Thompson","Department of Civil, Environmental, and Geo‐Engineering, University of Minnesota, Minneapolis, MN, USA"
Embracing scaleâdependence to achieve a deeper understanding of biodiversity and its change across communities,05 September 2018,"Jonathan M. Chase,Brian J. McGill,Daniel J. McGlinn,Felix May,Shane A. Blowes,Xiao Xiao,Tiffany M. Knight,Oliver Purschke,Nicholas J. Gotelli","German Centre for Integrative Biodiversity Research (iDiv), HalleâJenaâLeipzig, Leipzig, Germany,Department of Computer Science, Martin Luther University, Halle, Germany"
Corrigendum for ,09 October 2018,,
Issue Information,11 September 2018,,
Shifts in the dynamics of productivity signal ecosystem state transitions at the biomeâscale,17 July 2018,"Zhongmin Hu,Qun Guo,Shenggong Li,Shilong Piao,Alan K. Knapp,Philippe Ciais,Xinrong Li,Guirui Yu","School of Geography, South China Normal University, Guangzhou, China,Synthesis Research Center of Chinese Ecosystem Research Network, Key Laboratory of Ecosystem Network Observation and Modeling, Institute of Geographic Sciences and Natural Resources Research, Chinese Academy of Sciences, Beijing, China,College of Resources and Environment, University of Chinese Academy of Sciences, Beijing, China"
Seeking salt: herbivorous prairie insects can be coâlimited by macronutrients and sodium,23 July 2018,"Chelse M. Prather,Angela N. Laws,Juan F. Cuellar,Ryan W. Reihart,Kaitlin M. Gawkins,Steven C. Pennings","Department of Biology, Radford University, Radford, VA, USA,Department of Biology, University of Dayton, Dayton, OH, USA"
Manipulating badges of status only fools strangers,25 July 2018,"Alexis S. Chaine,Daizaburo Shizuka,Theadora A. Block,Lynn Zhang,Bruce E. Lyon","Station d'Ecologie Théorique et Expérimentale du CNRS (UMR5321), Evolutionary Ecology Group, Moulis, France,Institute for Advanced Studies in Toulouse, Toulouse School of Economics, Toulouse, France"
"Phosphatase activity and nitrogen fixation reflect species differences, not nutrient trading or nutrient balance, across tropical rainforest trees",02 August 2018,"Sarah A. Batterman,Jefferson S. Hall,Benjamin L. Turner,Lars O. Hedin,J. Kimiko LaHaela Walter,Pete Sheldon,Michiel van Breugel","School of Geography and Priestley International Centre for Climate, University of Leeds, Leeds, UK,Department of Ecology and Evolutionary Biology, Princeton University, Princeton, NJ, USA,Smithsonian Tropical Research Institute, Ancon, Panama"
Variation between individuals fosters regional species coexistence,07 August 2018,"María Uriarte,Duncan Menge","Department of Ecology, Evolution and Environmental Biology, Columbia University, New York, NY, USA"
Correlates of rate heterogeneity in avian ecomorphological traits,21 August 2018,"A. M. Chira,C. R. Cooney,J. A. Bright,E. J. R. Capp,E. C. Hughes,C. J. A. Moody,L. O. Nouri,Z. K. Varley,G. H. Thomas","Department of Animal and Plant Sciences, University of Sheffield, Sheffield, UK"
Testing Darwin's transoceanic dispersal hypothesis for the inland nettle family (Urticaceae),21 August 2018,"Zeng‐Yuan Wu,Jie Liu,Jim Provan,Hong Wang,Chia‐Jui Chen,Marc W. Cadotte,Ya‐Huang Luo,Bruno S. Amorim,De‐Zhu Li,Richard I. Milne","Germplasm Bank of Wild Species, Kunming Institute of Botany, Chinese Academy of Sciences, Kunming, Yunnan, China"
Evolutionarily distinct amphibians are disproportionately lost from humanâmodified ecosystems,21 August 2018,"D. A. Greenberg,W. J. Palen,K. C. Chan,W. Jetz,A. Ã. Mooers","Department of Biological Sciences, Simon Fraser University, Burnaby, BC, Canada"
Interspecific variation in conspecific negative density dependence can make species less likely to coexist,20 August 2018,"Simon Maccracken Stump,Liza S. Comita","School of Forestry and Environmental Studies, Yale University, New Haven, CT, USA"
Tree carbon allocation explains forest droughtâkill and recovery patterns,19 August 2018,"A. T. Trugman,M. Detto,M. K. Bartlett,D. Medvigy,W. R. L. Anderegg,C. Schwalm,B. Schaffer,S. W. Pacala","Department of Biology, University of Utah, Salt Lake City, UT, USA"
Intraspecific trait variation and tradeâoffs within and across populations of a toxic dinoflagellate,16 August 2018,"Karen M. Brandenburg,Sylke Wohlrab,Uwe John,Anke Kremp,Jacqueline Jerney,Bernd Krock,Dedmer B. Van de Waal","Department of Aquatic Ecology, Netherlands Institute of Ecology (NIOOâKNAW), Wageningen, The Netherlands"
"Biodiversity monitoring, earth observations and the ecology of scale",13 July 2018,Christopher B. Anderson,"Department of Biology, Stanford University, Stanford, CA 94305, USA,Center for Conservation Biology, Stanford University, Stanford, CA 94305, USA"
Issue Information,07 August 2018,,
Towards a predictive model of species interaction beta diversity,03 July 2018,"Catherine H. Graham,Ben G. Weinstein","Swiss Federal Research Institute WSL, Birmensdorf"
A general method for estimating seed dormancy and colonisation in annual plants from the observation of existing flora,21 June 2018,"Matthieu Pluntz,Sebastian Le Coz,Nathalie Peyrard,Roger Pradel,Rémi Choquet,Pierre‐Olivier Cheptou","CEFE, UMR 5175, CNRS, Université de Montpellier, Université Paul‐Valery, Montpellier, Montpellier Cedex 05, France"
Competition and coexistence in plant communities: intraspecific competition is stronger than interspecific competition,25 June 2018,"Peter B. Adler,Danielle Smull,Karen H. Beard,Ryan T. Choi,Tucker Furniss,Andrew Kulmatiski,Joan M. Meiners,Andrew T. Tredennick,Kari E. Veblen","Department of Wildland Resources and the Ecology Center, Utah State University, Logan, UT, USA"
Potential oscillators and keystone modules in food webs,27 June 2018,"Taku Kadoya,Gabriel Gellner,Kevin S. McCann","Center for Environmental Biology and Ecosystem Studies, National Institute for Environmental Studies, Tsukuba, Japan"
Carryover effects from natal habitat type upon competitive ability lead to trait divergence or sourceâsink dynamics,25 June 2018,"Nadiah Pardede Kristensen,Jacob Johansson,Ryan A. Chisholm,Henrik G. Smith,Hanna Kokko","Department of Biological Sciences, National University of Singapore, Singapore City, Singapore"
Elevated atmospheric concentrations of carbon dioxide reduce monarch tolerance and increase parasite virulence by altering the medicinal properties of milkweeds,09 July 2018,"Leslie E. Decker,Jacobus C. de Roode,Mark D. Hunter","Department of Ecology and Evolutionary Biology, University of Michigan, Biological Sciences Building, Ann Arbor, MI, USA"
Spatial heterogeneity in species composition constrains plant community responses to herbivory and fertilisation,27 June 2018,"Dorothee Hodapp,Elizabeth T. Borer,W. Stanley Harpole,Eric M. Lind,Eric W. Seabloom,Peter B. Adler,Juan Alberti,Carlos A. Arnillas,Jonathan D. Bakker,Lori Biederman,Marc Cadotte,Elsa E. Cleland,Scott Collins,Philip A. Fay,Jennifer Firn,Nicole Hagenah,Yann Hautier,Oscar Iribarne,Johannes M. H. Knops,Rebecca L. McCulley,Andrew MacDougall,Joslin L. Moore,John W. Morgan,Brent Mortensen,Kimberly J. La Pierre,Anita C. Risch,Martin Schütz,Pablo Peri,Carly J. Stevens,Justin Wright,Helmut Hillebrand","Helmholtz Institute for Functional Marine Biodiversity (HIFMB), Oldenburg, Germany"
Possible link between photosynthesis and leaf modulus of elasticity among vascular plants: a new player in leaf traits relationships?,19 July 2018,"Miquel Nadal,Jaume Flexas,Javier GulÃ­as","Research Group on Plant Biology under Mediterranean Conditions Departament de Biologia, Universitat de les Illes Balears, INAGEA, Palma de Mallorca, Illes Balears, Spain"
The role of adaptive strategies in plant naturalization,05 July 2018,"Wen‐Yong Guo,Mark van Kleunen,Marten Winter,Patrick Weigelt,Anke Stein,Simon Pierce,Jan Pergl,Dietmar Moser,Noëlie Maurel,Bernd Lenzner,Holger Kreft,Franz Essl,Wayne Dawson,Petr Pyšek","Institute of Botany, Department of Invasive Ecology, The Czech Academy of Sciences, Průhonice, Czech Republic,Department of Biosciences, Aarhus University, Aarhus C, Denmark"
"Resisting annihilation: relationships between functional trait dissimilarity, assemblage competitive power and allelopathy",11 July 2018,"Rika M. W. Muhl,Daniel L. Roelke,Tamar Zohary,Maria Moustaka‐Gouni,Ulrich Sommer,Gábor Borics,Ursula Gaedke,Frances G. Withrow,Joydeb Bhattacharyya","Department of Wildlife and Fisheries Sciences, Texas A&M University, College Station, TX, USA"
Ecological correlates of the spatial coâoccurrence of sympatric mammalian carnivores worldwide,17 July 2018,"Courtney L. Davis,Lindsey N. Rich,Zach J. Farris,Marcella J. Kelly,Mario S. Di Bitetti,Yamil Di Blanco,Sebastian Albanesi,Mohammad S. Farhadinia,Navid Gholikhani,Sandra Hamel,Bart J. Harmsen,Claudia Wultsch,Mamadou D. Kane,Quinton Martins,Asia J. Murphy,Robin Steenweg,Sunarto Sunarto,Atieh Taktehrani,Kanchan Thapa,Jody M. Tucker,Jesse Whittington,Febri A. Widodo,Nigel G. Yoccoz,David A.W. Miller","Department of Ecosystem Science and Management, Pennsylvania State University, University Park, PA, USA,Intercollege Degree Program in Ecology, Pennsylvania State University, University Park, PA, USA"
"It's not just what you have, but how you use it: solarâpositional and behavioural effects on hummingbird colour appearance during courtship",17 July 2018,"Richard K. Simpson,Kevin J. McGraw","School of Life Sciences, Arizona State University, Tempe, AZ, USA"
Multiple data sources and freely available code is critical when investigating species distributions and diversity: a response to Knouft (2018),19 July 2018,"Tad Dallas,Robin R Decker,Alan Hastings","Center for Population Biology, University of California, Davis, CA, USA,Department of Environmental Science and Policy, University of California, Davis, CA, USA,Centre for Ecological Change, University of Helsinki, Finland, USA"
The complex drivers of thermal acclimation and breadth in ectotherms,16 July 2018,"Jason R. Rohr,David J. Civitello,Jeremy M. Cohen,Elizabeth A. Roznik,Barry Sinervo,Anthony I. Dell","Department of Integrative Biology, University of South Florida, Tampa, FL, USA"
"Simple models combining competition, defence and resource availability have broad implications in pelagic microbial food webs",17 July 2018,"Selina Våge,Gunnar Bratbak,Jorun Egge,Mikal Heldal,Aud Larsen,Svein Norland,Maria Lund Paulsen,Bernadette Pree,Ruth‐Anne Sandaa,Evy Foss Skjoldal,Tatiana M. Tsagaraki,Lise Øvreås,T. Frede Thingstad","Marine Microbiology Research Group, Department of Biological Sciences, University of Bergen, Bergen, Norway"
Corrigendum for Walter ,07 August 2018,,
Issue Information,11 July 2018,,
Social complexity and kinship in animal societies,25 May 2018,"Dieter Lukas,Tim Clutton‐Brock","Department of Zoology, University of Cambridge, Cambridge, UK"
Evaluating the predicted extinction risk of living amphibian species with the fossil record,22 May 2018,"Melanie Tietje,Mark‐Oliver Rödel","Museum für Naturkunde ‐ Leibniz Institute for Evolution and Biodiversity Science, Berlin, Germany,Berlin‐Brandenburg Institute of Advanced Biodiversity Research (BBIB), Berlin, Germany"
Shifts in phenological distributions reshape interaction potential in natural communities,21 June 2018,"Shannon K. Carter,Daniel Saenz,Volker H. W. Rudolf","Department of Biosciences, Program in Ecology and Evolutionary Biology, Rice University, Houston, TX, USA"
Linking phytoplankton community metabolism to the individual size distribution,25 May 2018,"Daniel Padfield,Angus Buckling,Ruth Warfield,Chris Lowe,Gabriel Yvon‐Durocher","Environment and Sustainability Institute, University of Exeter, Penryn, Cornwall, UK"
"Reconciling multiple impacts of nitrogen enrichment on soil carbon: plant, microbial and geochemical controls",20 May 2018,"Chenglong Ye,Dima Chen,Steven J. Hall,Shang Pan,Xuebin Yan,Tongshuo Bai,Hui Guo,Yi Zhang,Yongfei Bai,Shuijin Hu","Ecosystem Ecology Lab, College of Resources and Environmental Sciences, Nanjing Agricultural University, Nanjing, China,Department of Ecology, Evolution, and Organismal Biology, Iowa State University, Ames, IA, USA"
"Intraâspecific relatedness, spatial clustering and reduced demographic performance in tropical rainforest trees",20 May 2018,"Xiaona Shao,Calum Brown,Samantha J. Worthy,Lu Liu,Min Cao,Qiaoming Li,Luxiang Lin,Nathan G. Swenson","Key Laboratory of Tropical Forest Ecology, Xishuangbanna Tropical Botanical Garden, Chinese Academy of Sciences, Kunming, Yunnan, China,University of Chinese Academy of Sciences, Beijing, China"
Testing MacArthur's minimisation principle: do communities minimise energy wastage during succession?,20 May 2018,"Giulia Ghedini,Michel Loreau,Craig R. White,Dustin J. Marshall","Centre for Geometric Biology, School of Biological Sciences, Monash University, Melbourne, Vic., Australia"
Biodiversity effects on ecosystem functioning respond unimodally to environmental stress,04 June 2018,"Jan M. Baert,Nico Eisenhauer,Colin R. Janssen,Frederik De Laender","Laboratory of Environmental Toxicology and Applied Ecology, Ghent University, Ghent, Belgium,Behavioural Ecology and Ecophysiology Research Group, University of Antwerp, Antwerp, Belgium,Terrestrial Ecology Unit, Ghent University, Ghent, Belgium"
Transcending data gaps: a framework to reduce inferential errors in ecological analyses,25 May 2018,"Sun W. Kim,Simon P. Blomberg,John M. Pandolfi","Australian Research Council Centre of Excellence for Coral Reef Studies, School of Biological Sciences, The University of Queensland, St. Lucia, Qld, Australia"
"Species composition, functional and phylogenetic distances correlate with success of invasive ",28 May 2018,"Yu‐Long Zheng,Jean H. Burns,Zhi‐Yong Liao,Yang‐ping Li,Jie Yang,Ya‐jun Chen,Jiao‐lin Zhang,Yu‐guo Zheng","Key Laboratory of Tropical Forest Ecology, Xishuangbanna Tropical Botanical Garden, Chinese Academy of Sciences, Mengla, Yunnan, China"
Structural changes within trophic levels are constrained by withinâfamily assembly rules at lower trophic levels,29 May 2018,"Chuliang Song,Florian Altermatt,Ian Pearse,Serguei Saavedra","Department of Civil and Environmental Engineering, MIT, Cambridge, MA, USA"
Global dung webs: high trophic generalism of dung beetles along the latitudinal diversity gradient,25 June 2018,"Kevin Frank,Frank‐Thorsten Krell,Eleanor M. Slade,Elizabeth H. Raine,Li Yuen Chiew,Thomas Schmitt,Charles S. Vairappan,Philippe Walter,Nico Blüthgen","Ecological Networks, Department of Biology, Technische Universität Darmstadt, Darmstadt, Germany"
Matching consumer feeding behaviours and resource traits: a fourthâcorner problem in foodâweb theory,06 June 2018,"Angelo Barbosa Monteiro,Lucas Del Bianco Faria","Department of Biology, Federal University of Lavras, Brazil"
Animal Sound Identifier (ASI): software for automated identification of vocal animals,25 June 2018,"Otso Ovaskainen,Ulisses Moliterno de Camargo,Panu Somervuo","Faculty of Biological and Environmental Sciences, University of Helsinki, Helsinki, Finland,Centre for Biodiversity Dynamics, Department of Biology, Norwegian University of Science and Technology, Trondheim, Norway"
From noise to knowledge: how randomness generates novel phenomena and reveals information,22 May 2018,Carl Boettiger,"Dept of Environmental Science, Policy, and Management, University of California Berkeley, Berkeley, CA, USA"
"Relative importance of competition and plantâsoil feedback, their synergy, context dependency and implications for coexistence",12 June 2018,"Ylva Lekberg,James D. Bever,Rebecca A. Bunn,Ragan M. Callaway,Miranda M. Hart,Stephanie N. Kivlin,John Klironomos,Beau G. Larkin,John L. Maron,Kurt O. Reinhart,Michael Remke,Wim H. van der Putten","MPG Ranch Missoula, MT, USA,Department of Ecosystem and Conservation Sciences, University of Montana, Missoula, MT, USA"
"Reflections on, and visions for, the changing field of pollination ecology",03 July 2018,"T. M. Knight,T.‐L. Ashman,J. M. Bennett,J. H. Burns,S. Passonneau,J. A. Steets","Institute of Biology, Martin Luther University Halle‐Wittenberg, Halle, Germany,Department Community Ecology, Helmholtz Centre for Environmental Research – UFZ, Halle, Germany,German Centre for Integrative Biodiversity Research (iDiv), Halle‐Jena‐Leipzig, Leipzig, Germany"
Issue Information,14 June 2018,,
The control of risk hypothesis: reactive vs. proactive antipredator responses and stressâmediated vs. foodâmediated costs of response,09 May 2018,Scott Creel,"Department of Ecology, Montana State University, Bozeman, MT, USA"
Parasitic waspâassociated symbiont affects plantâmediated species interactions between herbivores,15 April 2018,"Antonino Cusumano,Feng Zhu,AnneâNathalie Volkoff,Patrick Verbaarschot,Janneke Bloem,Heiko Vogel,Marcel Dicke,Erik H. Poelman","Laboratory of Entomology, Wageningen University, Wageningen, The Netherlands"
Woody plants optimise stomatal behaviour relative to hydraulic risk,23 April 2018,"William R. L. Anderegg,Adam Wolf,Adriana Arango‐Velez,Brendan Choat,Daniel J. Chmura,Steven Jansen,Thomas Kolb,Shan Li,Frederick C. Meinzer,Pilar Pita,Víctor Resco de Dios,John S. Sperry,Brett T. Wolfe,Stephen Pacala","Department of Biology, University of Utah, UT, USA"
Landscape evolution and nutrient rejuvenation reflected in Amazon forest canopy chemistry,16 April 2018,"K. Dana Chadwick,Gregory P. Asner","Department of Global Ecology, Carnegie Institution for Science, Stanford, CA, USA,Department of Earth System Science, Stanford University, Stanford, CA"
"Topography shapes the structure, composition and function of tropical forest landscapes",16 April 2018,"Tommaso Jucker,Boris Bongalov,David F. R. P. Burslem,Reuben Nilus,Michele Dalponte,Simon L. Lewis,Oliver L. Phillips,Lan Qie,David A. Coomes","Department of Plant Sciences, Forest Ecology and Conservation group, University of Cambridge, Cambridge, UK,CSIRO Land and Water, Floreat, WA, Australia"
Declining home range area predicts reduced lateâlife survival in two wild ungulate populations,15 April 2018,"Hannah Froy,Luca BÃ¶rger,Charlotte E. Regan,Alison Morris,Sean Morris,Jill G. Pilkington,Michael J. Crawley,Tim H. CluttonâBrock,Josephine M. Pemberton,Daniel H. Nussey","Institute of Evolutionary Biology, School of Biological Sciences, University of Edinburgh, Edinburgh, UK"
Facilitationâ vs. competitionâdriven succession: the key role of resourceâratio,02 May 2018,"Thomas Koffel,Simon Boudsocq,Nicolas Loeuille,Tanguy Daufresne","Eco&Sols, INRA, CIRAD, IRD, Montpellier SupAgro, Univ Montpellier, Montpellier, France,Kellogg Biological Station, Michigan State University, Hickory Corners, MI, USA"
Ecological and evolutionary drivers of the elevational gradient of diversity,02 May 2018,"Paola Laiolo,Joaquina Pato,José Ramón Obeso","Research Unit of Biodiversity (UO, CSIC, PA), Oviedo University, Mieres, Spain"
Ecology shapes the evolutionary tradeâoff between predator avoidance and defence in coral reef butterflyfishes,09 May 2018,"Jennifer R. Hodge,Chidera Alim,Nick G. Bertrand,Wesley Lee,Samantha A. Price,Binh Tran,Peter C. Wainwright","Department of Evolution and Ecology, University of California Davis, Davis, CA, USA"
Shortâterm prey field lability constrains individual specialisation in resource selection and foraging site fidelity in a marine predator,16 April 2018,"Nicolas Courbin,AurÃ©lien Besnard,Clara PÃ©ron,Claire Saraux,JÃ©rÃ´me Fort,Samuel Perret,JÃ©rÃ©my Tornos,David GrÃ©millet","Centre d'Ecologie Fonctionnelle et Evolutive (CEFE), UMR 5175, Centre National de la Recherche Scientifique (CNRS), UniversitÃ© de Montpellier, UniversitÃ© Paul ValÃ©ry Montpellier, Ecole Pratiques des Hautes Etudes (EPHE), Montpellier Cedex 5, France"
Navigating north: how body mass and winds shape avian flight behaviours across a North American migratory flyway,07 May 2018,"Kyle G. Horton,Benjamin M. Van Doren,Frank A. La Sorte,Daniel Fink,Daniel Sheldon,Andrew Farnsworth,Jeffrey F. Kelly","Department of Biology, University of Oklahoma, Norman, OK, USA,Oklahoma Biological Survey, University of Oklahoma, Norman, OK, USA,Advanced Radar Research Center, University of Oklahoma, Norman, OK, USA,Cornell Lab of Ornithology, Cornell University, Ithaca, New York, USA"
Using food network unfolding to evaluate foodâweb complexity in terms of biodiversity: theory and applications,17 May 2018,"Yoshikazu Kato,Michio Kondoh,Naoto F. Ishikawa,Hiroyuki Togashi,Yukihiro Kohmatsu,Mayumi Yoshimura,Chikage Yoshimizu,Takashi F. Haraguchi,Yutaka Osada,Nobuhito Ohte,Naoko Tokuchi,Noboru Okuda,Takeshi Miki,Ichiro Tayasu","Research Institute for Humanity and Nature, Kyoto, Japan,Center for Ecological Research, Kyoto University, Otsu, Shiga, Japan"
Beyond the fastâslow continuum: demographic dimensions structuring a tropical tree community,09 May 2018,"Nadja RÃ¼ger,Liza S. Comita,Richard Condit,Drew Purves,Benjamin Rosenbaum,Marco D. Visser,S.J Wright,Christian Wirth","German Centre for Integrative Biodiversity Research (iDiv) HalleâJenaâLeipzig, Leipzig, Germany,Smithsonian Tropical Research Institute, Apartado, AncÃ³n, Panama"
Ecological genomics predicts climate vulnerability in an endangered southwestern songbird,09 May 2018,"Kristen Ruegg,Rachael A. Bay,Eric C. Anderson,James F. Saracco,Ryan J. Harrigan,Mary Whitfield,Eben H. Paxton,Thomas B. Smith","Center for Tropical Research, Institute for the Environment and Sustainability, University of California Los Angeles, Los Angeles, CA, USA,Department of Ecology and Evolutionary Biology, University of California Santa Cruz, Santa Cruz, CA, USA"
Predator size divergence depends on community context,09 May 2018,"Yutaka Okuzaki,Teiji Sota","Field Science Center for Northern Biosphere, Hokkaido University, Takaoka, Tomakomai, Japan"
Climatic role of terrestrial ecosystem under elevated CO,07 May 2018,"Shuwei Liu,Cheng Ji,Cong Wang,Jie Chen,Yaguo Jin,Ziheng Zou,Shuqing Li,Shuli Niu,Jianwen Zou","Jiangsu Key Laboratory of Low Carbon Agriculture and GHGs Mitigation, College of Resources and Environmental Sciences, Nanjing Agricultural University, Nanjing, China,Jiangsu Key Lab and Engineering Center for Solid Organic Waste Utilization, Jiangsu Collaborative Innovation Center for Solid Organic Waste Resource Utilization, Nanjing Agricultural University, Nanjing, China"
Appropriate application of information from biodiversity databases is critical when investigating species distributions and diversity: a comment on Dallas ,14 June 2018,Jason H. Knouft,"Department of Biology, Saint Louis University, St. Louis, MO, USA"
Using connectivity to identify climatic drivers of local adaptation: a response to Macdonald ,30 April 2018,"JÃ©rÃ´me G. Prunier,Simon Blanchet","Station d'Ãcologie ThÃ©orique et ExpÃ©rimentale (UMR 5371), Centre National de la Recherche Scientifique (CNRS), UniversitÃ© Paul Sabatier (UPS), Moulis, France"
Corrigendum for Rojas ,14 June 2018,,
Issue Information,10 May 2018,,
Quantifying effects of biodiversity on ecosystem functioning across times and places,28 February 2018,"Forest Isbell,Jane Cowles,Laura E. Dee,Michel Loreau,Peter B. Reich,Andrew Gonzalez,Andy Hector,Bernhard Schmid","
                     ,Department of Ecology, Evolution, and Behavior, University of Minnesota Twin Cities, Saint Paul, MN, USA"
How ecology shapes exploitation: a framework to predict the behavioural response of human and animal foragers along explorationâexploitation tradeâoffs,02 April 2018,"Christopher T. Monk,Matthieu Barbier,Pawel Romanczuk,James R. Watson,Josep AlÃ³s,Shinnosuke Nakayama,Daniel I. Rubenstein,Simon A. Levin,Robert Arlinghaus","Department of Biology and Ecology of Fishes, LeibnizâInstitute of Freshwater Ecology and Inland Fisheries, Berlin, Germany"
Edge fires drive the shape and stability of tropical forests,25 March 2018,"Laurent Hébert‐Dufresne,Adam F. A. Pellegrini,Uttam Bhat,Sidney Redner,Stephen W. Pacala,Andrew M. Berdahl","Department of Computer Science and Vermont Complex Systems Center, University of Vermont, Burlington, VT, USA,Santa Fe Institute, Santa Fe, NM, USA"
Speciesâarea relationships and biodiversity loss in fragmented landscapes,30 March 2018,"Ryan A. Chisholm,Felix Lim,Yi Shuen Yeoh,Wei Wei Seah,Richard Condit,James Rosindell","Department of Biological Sciences, Faculty of Science, National University of Singapore, Singapore, Singapore"
Plant controls on Late Quaternary whole ecosystem structure and function,30 March 2018,"Elizabeth S. Jeffers,Nicki J. Whitehouse,Adrian Lister,Gill Plunkett,Phil Barratt,Emma Smyth,Philip Lamb,Michael W. Dee,Stephen J. Brooks,Katherine J. Willis,Cynthia A. Froyd,Jenny E. Watson,Michael B. Bonsall","Department of Zoology, University of Oxford, Oxford, UK"
Translucent windows: how uncertainty in competitive interactions impacts detection of community pattern,30 March 2018,"Rafael D'Andrea,Annette Ostling,James P. O'Dwyer","Department Plant Biology, University of Illinois at Urbana‐Champaign, Champaign, IL, USA"
The energetics of fish growth and how it constrains foodâweb trophic structure,03 April 2018,"Diego R. Barneche,Andrew P. Allen","Centre for Geometric Biology, School of Biological Sciences, Monash University, Clayton, Vic, 3800, Australia"
Seasonal associations with novel climates for North American migratory bird populations,04 April 2018,"Frank A. La Sorte,Daniel Fink,Alison Johnston","Cornell Laboratory of Ornithology, Cornell University, Ithaca, NY, USA"
Canalisation in the wild: effects of developmental conditions on physiological traits are inversely linked to their association with fitness,30 March 2018,"Jelle J. Boonekamp,Ellis Mulder,Simon Verhulst","Groningen Institute for Evolutionary Life Sciences, University of Groningen, Groningen, the Netherlands"
Opposing effects of floral visitors and soil conditions on the determinants of competitive outcomes maintain species diversity in heterogeneous landscapes,01 April 2018,"Jose B. Lanuza,Ignasi Bartomeus,Oscar Godoy","School of Environmental and Rural Science, University of New England, Armidale, NSW, Australia"
Feeding environment and other traits shape speciesâ roles in marine food webs,02 April 2018,"Alyssa R. Cirtwill,Anna EklÃ¶f","Department of Physics, Chemistry and Biology (IFM) LinkÃ¶ping University, LinkÃ¶ping, Sweden"
Calcium plus magnesium indicates digestibility: the significance of the second major axis of plant chemical variation for ecological processes,30 March 2018,"Pavla Mládková,Jan Mládek,Stanislav Hejduk,Michal Hejcman,Robin J. Pakeman","Department of Ecology, Faculty of Environmental Sciences, Czech University of Life Sciences, Prague 6–Suchdol, Czech Republic"
Symmetric assembly and disassembly processes in an ecological network,02 April 2018,"Jason M. Tylianakis,Laura B. Martínez‐García,Sarah J. Richardson,Duane A. Peltzer,Ian A. Dickie","Centre for Integrative Ecology, School of Biological Sciences, University of Canterbury, Christchurch, New Zealand,Department of Life Sciences, Imperial College London, Ascot, Berkshire, UK,Bio‐protection Research Centre, School of Biological Sciences, University of Canterbury, Christchurch, New Zealand"
Indicators of transitions in biological systems,30 March 2018,"Christopher F. Clements,Arpat Ozgul","School of Biosciences, The University of Melbourne, Parkville, Vic., Australia,Department of Evolutionary Biology and Environmental Studies, University of Zurich, Zurich, Switzerland"
The moreâindividuals hypothesis revisited: the role of community abundance in species richness regulation and the productivityâdiversity relationship,16 April 2018,"David Storch,EliÅ¡ka BohdalkovÃ¡,Jordan Okie","Center for Theoretical Study, Charles University and the Academy of Sciences of the Czech Republic, Praha, Czech Republic,Department of Ecology, Faculty of Science, Charles University, Praha, Czech Republic"
The sea as deathtrap: comment on a paper by miller and wiens,02 April 2018,"Geerat J. Vermeij,Richard K. Grosberg,Charles R. Marshall,Ryosuke Motani","Department of Earth and Planetary Sciences, University of California, Davis, Davis, CA, USA"
Demystifying the marineâterrestrial biodiversity gradient: response to Vermeij ,02 April 2018,"Elizabeth C. Miller,John J. Wiens","Department of Ecology and Evolutionary Biology, University of Arizona, Tucson, AZ, USA"
Corrigendum for ,10 May 2018,,
Corrigendum for Roscher ,10 May 2018,,
Issue Information,16 April 2018,,
The unfolding of plant growth formâdefence syndromes along elevation gradients,26 February 2018,"Emmanuel Defossez,LoÃ¯c Pellissier,Sergio Rasmann","Laboratory of Functional Ecology, Institute of Biology, University of NeuchÃ¢tel, NeuchÃ¢tel, Switzerland"
"The predictability of a lake phytoplankton community, over timeâscales of hours to years",12 March 2018,"Mridul K. Thomas,Simone Fontana,Marta Reyes,Michael Kehoe,Francesco Pomati","Department of Aquatic Ecology, Eawag: Swiss Federal Institute of Aquatic Science and Technology, DÃ¼bendorf, Switzerland,Centre for Ocean Life, DTU Aqua, Technical University of Denmark, Lyngby, Denmark"
" females adjust sex allocation in response to current sex ratio and density
   ",26 February 2018,"Isobel Booksmythe,Nina Gerber,Dieter Ebert,Hanna Kokko","Department of Evolutionary Biology and Environmental Studies, University of Zurich, Zurich, Switzerland,Tvärminne Zoological Station, Hanko, Finland"
"Walk, swim or fly? Locomotor mode predicts genetic differentiation in vertebrates",12 March 2018,"Iliana Medina,Georgina M. Cooke,Terry J. Ord","Division of Ecology and Evolution, Australian National University, Australia,School of BioSciences, The University of Melbourne, Parkville, Vic., Australia"
Predators in the plantâsoil feedback loop: aboveground plantâassociated predators may alter the outcome of plantâsoil interactions,08 March 2018,Lauren M. SmithâRamesh,"National Institute for Mathematical and Biological Synthesis, Knoxville, TN, USA"
Metabolic traits predict the effects of warming on phytoplankton competition,25 March 2018,"Elvire Bestion,Bernardo García‐Carreras,Charlotte‐Elisa Schaum,Samraat Pawar,Gabriel Yvon‐Durocher","Environment and Sustainability Institute, University of Exeter, Penryn, Cornwall, UK"
Intragroup competition predicts individual foraging specialisation in a groupâliving mammal,14 March 2018,"Catherine E. Sheppard,Richard Inger,Robbie A. McDonald,Sam Barker,Andrew L. Jackson,Faye J. Thompson,Emma I. K. Vitikainen,Michael A. Cant,Harry H. Marshall","Centre for Ecology and Conservation, University of Exeter, Cornwall, UK"
Elevated CO,05 March 2018,"Feike A. Dijkstra,Yolima Carrillo,Dana M. Blumenthal,Kevin E. Mueller,Dan R. LeCain,Jack A. Morgan,Tamara J. Zelikova,David G. Williams,Ronald F. Follett,Elise Pendall","School of Life and Environmental Sciences, Sydney Institute of Agriculture, The University of Sydney, Camden, NSW, Australia"
Should I stay or should I go? Mycorrhizal plants are more likely to invest in longâdistance seed dispersal than nonâmycorrhizal plants,13 March 2018,"Marta Correia,Ruben Heleno,Pablo Vargas,Susana RodrÃ­guezâEcheverrÃ­a","CFE â Centre for Functional Ecology, Department of Life Sciences, University of Coimbra, Coimbra, Portugal"
Bioenergetic theory predicts infection dynamics of human schistosomes in intermediate host snails across ecological gradients,12 March 2018,"David J. Civitello,Hiba Fatima,Leah R. Johnson,Roger M. Nisbet,Jason R. Rohr","Department of Biology, Emory University, Atlanta, GA, USA"
Predictive power of food web models based on body size decreases with trophic complexity,25 March 2018,"Tomas Jonsson,Riikka Kaartinen,Mattias Jonsson,Riccardo Bommarco","Department of Ecology, Swedish University of Agricultural Sciences, Uppsala, Sweden,Ecological Modelling group, School of Bioscience, University of SkÃ¶vde, SkÃ¶vde, Sweden"
Partitioning of soil phosphorus among arbuscular and ectomycorrhizal trees in tropical and subtropical forests,13 March 2018,"Xubing Liu,David F. R. P. Burslem,Joe D. Taylor,Andy F. S. Taylor,Eyen Khoo,Noreen Majalap‐Lee,Thorunn Helgason,David Johnson","School of Biological Sciences, University of Aberdeen, Aberdeen, UK,Department of Ecology, School of Life Sciences, Sun Yat‐sen University, Guangzhou, China"
Drivers of vegetative dormancy across herbaceous perennial plant species,25 March 2018,"Richard P. Shefferson,Tiiu Kull,Michael J. Hutchings,Marc‐André Selosse,Hans Jacquemyn,Kimberly M. Kellett,Eric S. Menges,Richard B. Primack,Juha Tuomi,Kirsi Alahuhta,Sonja Hurskainen,Helen M. Alexander,Derek S. Anderson,Rein Brys,Emilia Brzosko,Slavomir Dostálik,Katharine Gregg,Zdeněk Ipser,Anne Jäkäläniemi,Jana Jersáková,W. Dean Kettle,Melissa K. McCormick,Ana Mendoza,Michael T. Miller,Asbjørn Moen,Dag‐Inge Øien,Ülle Püttsepp,Mélanie Roy,Nancy Sather,Nina Sletvold,Zuzana Štípková,Kadri Tali,Robert J. Warren II,Dennis F. Whigham","Organization for Programs in Environmental Sciences, University of Tokyo, Tokyo, Japan"
Withinâspecies patterns challenge our understanding of the leaf economics spectrum,23 March 2018,"Leander D. L. Anderegg,Logan T. Berner,Grayson Badgley,Meera L. Sethi,Beverly E. Law,Janneke HilleRisLambers","Department of Biology, University of Washington, Box 351800 Seattle, WA 98195, USA,Department of Global Ecology, Carnegie Institution for Science, Stanford, CA 94305, USA"
"Neighbour tolerance, not suppression, provides competitive advantage to nonânative plants",08 March 2018,"Marina Golivets,Kimberly F. Wallin","The Rubenstein School of Environment and Natural Resources, The University of Vermont, Burlington, VT, USA"
Issue Information,09 March 2018,,
Pathogen spillover during land conversion,21 February 2018,"Christina L. Faust,Hamish I. McCallum,Laura S. P. Bloomfield,Nicole L. Gottdenker,Thomas R. Gillespie,Colin J. Torney,Andrew P. Dobson,Raina K. Plowright","Department of Microbiology and Immunology, Montana State University, Montana, MT, USA,Department of Ecology and Evolutionary Biology, Princeton University, Princeton, NJ, USA,Institute of Biodiversity, Animal Health and Comparative Medicine, Universtiy of Glasgow, Glasgow, UK"
Seedâdispersal interactions in fragmented landscapes â a metanetwork approach,24 January 2018,"Carine Emer,Mauro Galetti,Marco A. Pizo,Paulo R. GuimarÃ£es Jr.,Suelen Moraes,Augusto Piratelli,Pedro Jordano","Departmento de Ecologia, Instituto de BiociÃªncias, Universidade Estadual Paulista, Rio Claro â SP, Brazil,Integrative Ecology Group, EstaciÃ³n BiolÃ³gica de DoÃ±ana, Consejo Superior de Investigaciones CientÃ­ficas (EBDâCSIC), Sevilla, Spain"
Identifying mechanisms that structure ecological communities by snapping model parameters to empirically observed tradeoffs,26 February 2018,"Adam Thomas Clark,Clarence Lehman,David Tilman","Department of Ecology, Evolution, and Behavior, University of Minnesota, Twin Cities, St. Paul, MN, USA,Leipzig University, Leipzig, Germany,Department of Physiological Diversity, Helmholtz Center for Environmental Research (UFZ), Leipzig, Germany"
Densityâdependent survival varies with species lifeâhistory strategy in a tropical forest,14 February 2018,"Y. Zhu,S. A. Queenborough,R. Condit,S. P. Hubbell,K. P. Ma,L. S. Comita","School of Forestry and Environmental Studies, Yale University, New Haven, CT, USA,State Key Laboratory of Vegetation and Environmental Change, Institute of Botany, Chinese Academy of Sciences, Beijing, China"
Elevated success of multispecies bacterial invasions impacts community composition during ecological succession,14 February 2018,"Damian W. Rivett,Matt L. Jones,Josep Ramoneda,Shorok B. Mombrikotb,Emma Ransome,Thomas Bell","Department of Life Sciences, Imperial College London, Ascot, UK,Division of Biology and Conservation Ecology, School of Science and the Environment, Manchester Metropolitan University, Manchester, UK"
Extreme streams: species persistence and genomic change in montane insect populations across a flooding gradient,12 February 2018,"N. LeRoy Poff,Erin I. Larson,Patricia E. Salerno,Scott G. Morton,Boris C. Kondratieff,Alexander S. Flecker,Kelly R. Zamudio,W. Chris Funk","Department of Biology & Graduate Degree Program in Ecology, Colorado State University, Fort Collins, CO, USA,Institute for Applied Ecology, University of Canberra, ACT, Canberra, Australia"
Competing for blood: the ecology of parasite resource competition in human malariaâhelminth coâinfections,08 February 2018,"Sarah A. Budischak,Aprilianto E. Wiria,Firdaus Hamid,Linda J. Wammes,Maria M. M. Kaisar,Lisette van Lieshout,Erliyani Sartono,Taniawati Supali,Maria Yazdanbakhsh,Andrea L. Graham","Department of Ecology and Evolutionary Biology, Princeton University, Princeton, NJ, USA"
Increased socially mediated plasticity in gene expression accompanies rapid adaptive evolution,14 February 2018,"Sonia Pascoal,Xuan Liu,Yongxiang Fang,Steve Paterson,Michael G. Ritchie,Nichola Rockliffe,Marlene Zuk,Nathan W. Bailey","Department of Zoology, University of Cambridge, UK"
Pyrodiversity interacts with rainfall to increase bird and mammal richness in African savannas,14 February 2018,"Colin M. Beale,Colin J. Courtney Mustaphi,Thomas A. Morrison,Sally Archibald,T. Michael Anderson,Andrew P. Dobson,Jason E. Donaldson,Gareth P. Hempson,James Probert,Catherine L. Parr","Department of Biology, University of York, Heslington, York, UK"
When things don't add up: quantifying impacts of multiple stressors from individual metabolism to ecosystem processing,19 February 2018,"Nika Galic,Lauren L. Sullivan,Volker Grimm,Valery E. Forbes","Department of Ecology, Evolution and Behavior, University of Minnesota, St. Paul, Minnesota, USA"
Latitudinal patterns of herbivore pressure in a temperate herb support the biotic interactions hypothesis,21 February 2018,"Carina A. Baskett,Douglas W. Schemske","Department of Plant Biology and Ecology, Evolutionary Biology, and Behavior Program, Michigan State University, East Lansing, MI, USA"
Going through the motions: incorporating movement analyses into disease research,14 February 2018,"Eric R. Dougherty,Dana P. Seidel,Colin J. Carlson,Orr Spiegel,Wayne M. Getz","Department of Environmental Science Policy and Management, University of California, Berkeley, CA, USA"
Node selfâconnections and metapopulation persistence: reply to Saura (2018),19 February 2018,"Jessica ZamborainâMason,Garry R. Russ,Rene A. Abesamis,Abner A. Bucol,Sean R. Connolly","College of Science and Engineering, James Cook University, Townsville, QLD, Australia,ARC Centre of Excellence for Coral Reef Studies, James Cook University, Townsville, QLD, Australia"
Issue Information,12 February 2018,,
New innovations for 2018 and beyond,12 February 2018,"Tim Coulson,Peter Thrall,Jon Chase,Helmut Hillebrand,Vanessa Ezenwa,John Drake,Nathalie Espuno,Stephane Hello",
Network spandrels reflect ecological assembly,29 January 2018,"Daniel S. Maynard,Carlos A. Serván,Stefano Allesina","Department of Ecology & Evolution, University of Chicago, IL, USA"
The phosphorusârich signature of fire in the soilâplant system: a global metaâanalysis,04 January 2018,"Orpheus M. Butler,James J. Elser,Tom Lewis,Brendan Mackey,Chengrong Chen","Australian Rivers Institute and Griffith School of Environment, Griffith University, Nathan, QLD, Australia"
Thermal biology mediates responses of amphibians and reptiles to habitat modification,04 January 2018,"A. Justin Nowakowski,James I. Watling,Michelle E. Thompson,George A. Brusch IV,Alessandro Catenazzi,Steven M. Whitfield,David J. Kurz,Ángela Suárez‐Mayorga,Andrés Aponte‐Gutiérrez,Maureen A. Donnelly,Brian D. Todd","Department of Wildlife, Fish, and Conservation Biology, University of California, Davis, Davis, CA, USA"
Artificial light at night confounds broadâscale habitat use by migrating birds,09 January 2018,"James D. McLaren,Jeffrey J. Buler,Tim Schreckengost,Jaclyn A. Smolinsky,Matthew Boone,E. Emiel van Loon,Deanna K. Dawson,Eric L. Walters","Department of Entomology and Wildlife Ecology, University of Delaware, Newark, DE, USA,National Wildlife Research Centre, Environment and Climate Change Canada, Ottawa, ON, Canada"
The extent and predictability of the biodiversityâcarbon correlation,04 January 2018,"Moreno Di Marco,James E. M. Watson,David J. Currie,Hugh P. Possingham,Oscar Venter","CSIRO Land & Water, EcoSciences Precinct, Dutton Park Qld, Australia,Centre for Biodiversity and Conservation Science, The University of Queensland, Brisbane, Qld., Australia"
C,10 January 2018,"Teera Watcharamongkol,Pascal‐Antoine Christin,Colin P. Osborne","Department of Animal and Plant Sciences, University of Sheffield, Sheffield, UK"
Operational sex ratio predicts the opportunity and direction of sexual selection across animals,16 January 2018,"Tim Janicke,Edward H. Morrow","Ecology, Behaviour and Environment Group, University of Sussex, Brighton, UK,Centre d'Écologie Fonctionnelle et Évolutive, UMR 5175, CNRS, Université de Montpellier, École Pratique des Hautes Études, Montpellier, France"
Reconstructing geographical parthenogenesis: effects of niche differentiation and reproductive mode on Holocene range expansion of an alpine plant,19 January 2018,"Bernhard Kirchheimer,Johannes Wessely,Andreas Gattringer,Karl Hülber,Dietmar Moser,Christoph C. F. Schinkel,Marc Appelhans,Simone Klatt,Marco Caccianiga,Agnes Dellinger,Antoine Guisan,Michael Kuttner,Jonathan Lenoir,Luigi Maiorano,Diego Nieto‐Lugilde,Christoph Plutzar,Jens‐Christian Svenning,Wolfgang Willner,Elvira Hörandl,Stefan Dullinger","Department of Botany and Biodiversity Research, University of Vienna, Vienna, Austria"
Eating down the food chain: generalism is not an evolutionary dead end for herbivores,16 January 2018,"Danny Rojas,Maria JoÃ£o Ramos Pereira,Carlos Fonseca,Liliana M. DÃ¡valos","Department of Natural Sciences and Mathematics, Pontificia Universidad Javeriana Cali, Colombia,Department of Biology and Centre for Environmental and Marine Studies, University of Aveiro, Aveiro, Portugal"
Survival rates indicate that correlations between communityâweighted mean traits and environments can be unreliable estimates of the adaptive value of traits,22 January 2018,"Daniel C. Laughlin,Robert T. Strahan,Peter B. Adler,Margaret M. Moore","Department of Botany, University of Wyoming, Laramie, WY, USA"
Bioerosion in a changing world: a conceptual framework,04 January 2018,"Timothy M. Davidson,Andrew H. Altieri,Gregory M. Ruiz,Mark E. Torchin","Department of Biological Sciences, California State University, Sacramento, CA, USA,Smithsonian Tropical Research Institute, Ancon, Panama,Department of Botany, University of Hawaii at Manoa, Honolulu, HI, USA"
On the prevalence and dynamics of inverted trophic pyramids and otherwise topâheavy communities,09 January 2018,"Douglas J. McCauley,Gabriel Gellner,Neo D. Martinez,Richard J. Williams,Stuart A. Sandin,Fiorenza Micheli,Peter J. Mumby,Kevin S. McCann","University of California Santa Barbara, Ecology, Evolution and Marine Biology & Marine Science Institute, Santa Barbara, CA, USA"
Geographical and experimental contexts modulate the effect of warming on topâdown control: a metaâanalysis,24 January 2018,"Nicholas dos Anjos Cristiano Marino,Gustavo Quevedo Romero,Vinicius Fortes Farjalla","Programa de PÃ³sâGraduaÃ§Ã£o em Ecologia, Universidade Federal do Rio de Janeiro (UFRJ), Rio de Janeiro, RJ, Brazil"
"Corrigendum for Spaak et al. (2017) DOI: 
      ",12 February 2018,,
Issue Information,18 January 2018,,
Making ecological models adequate,27 December 2017,"Wayne M. Getz,Charles R. Marshall,Colin J. Carlson,Luca Giuggioli,Sadie J. Ryan,Stephanie S. Romañach,Carl Boettiger,Samuel D. Chamberlain,Laurel Larsen,Paolo D’Odorico,David O’Sullivan","Department of Environmental Science, Policy, and Management, University of California, Berkeley, CA, USA,Schools of Mathematical Sciences and Life Sciences, University of KwaZulu, Natal, South Africa"
Integrating community assembly and biodiversity to better understand ecosystem function: the Community Assembly and the Functioning of Ecosystems (CAFE) approach,27 December 2017,"Katherine H. Bannar‐Martin,Colin T. Kremer,S.K. Morgan Ernest,Mathew A. Leibold,Harald Auge,Jonathan Chase,Steven A.J. Declerck,Nico Eisenhauer,Stanley Harpole,Helmut Hillebrand,Forest Isbell,Thomas Koffel,Stefano Larsen,Anita Narwani,Jana S. Petermann,Christiane Roscher,Juliano Sarmento Cabral,Sarah R. Supp","Quantitative Assessment Methods Section, Pacific Biological Station, Fisheries and Oceans Canada, Nanaimo, BC, Canada"
Temperatureâdependent body size effects determine population responses to climate warming,21 November 2017,"Max Lindmark,Magnus Huss,Jan Ohlberger,Anna GÃ¥rdmark","Department of Aquatic Resources, Institute of Coastal Research, Swedish University of Agricultural Sciences, Ãregrund, Sweden"
Physical effects of habitatâforming species override latitudinal trends in temperature,22 November 2017,"L. J. Jurgens,B. Gaylord","Bodega Marine Laboratory and Department of Evolution and Ecology University of California at Davis Bodega Bay, CA, USA"
Understanding the stoichiometric limitation of herbivore growth: the importance of feeding and assimilation flexibilities,05 December 2017,"Jotaro Urabe,Yuichiro Shimizu,Toshiyasu Yamaguchi","Graduate school of Life Sciences, Tohoku University, Sendai, Japan"
Using connectivity to identify climatic drivers of local adaptation,01 December 2017,"Stewart L. Macdonald,John Llewelyn,Ben L. Phillips","Centre for Tropical Biodiversity and Climate Change, James Cook University, Townsville, Qld., Australia,CSIRO Land and Water Flagship, Townsville, Qld., Australia"
Dominant forest tree mycorrhizal type mediates understory plant invasions,30 November 2017,"Insu Jo,Kevin M. Potter,Grant M. Domke,Songlin Fei","Department of Forestry and Natural Resources, Purdue University, West Lafayette, IN, USA"
Kin competition accelerates experimental range expansion in an arthropod herbivore,11 December 2017,"Katrien Van Petegem,Felix Moerman,Maxime Dahirel,Emanuel A. Fronhofer,Martijn L. Vandegehuchte,Thomas Van Leeuwen,Nicky Wybouw,Robby Stoks,Dries Bonte","Department of Biology, Ghent University, Ghent, Belgium"
Sex differences in adult mortality rate mediated by earlyâlife environmental conditions,05 December 2017,"Robert M. Griffin,Adam D. Hayward,Elisabeth Bolund,Alexei A. Maklakov,Virpi Lummaa","Department of Biology, University of Turku, Turku, Finland"
Evidence for declining forest resilience to wildfires under climate change,12 December 2017,"Camille S. Stevens‐Rumann,Kerry B. Kemp,Philip E. Higuera,Brian J. Harvey,Monica T. Rother,Daniel C. Donato,Penelope Morgan,Thomas T. Veblen","Department of Forest, Rangeland, and Fire Sciences, University of Idaho, Moscow, Idaho, USA,Colorado State University, Fort Collins, Colorado, USA"
The impact of host genetic diversity on virus evolution and emergence,05 December 2017,"Cristina RodrÃ­guezâNevado,Tommy TâY Lam,Edward C. Holmes,Israel PagÃ¡n","Centro de BiotecnologÃ­a y GenÃ³mica de Plantas (Universidad PolitÃ©cnica de Madrid â Instituto Nacional de InvestigaciÃ³n y TecnologÃ­a Agraria y Alimentaria), Madrid, Spain"
Hybridization can promote adaptive radiation by means of transgressive segregation,14 December 2017,"Kotaro Kagawa,Gaku Takimoto","The Institute of Statistical Mathematics, Tachikawa, Tokyo, Japan,Department of Fish Ecology and Evolution, Center for Ecology, Evolution & Biogeochemistry, Swiss Federal Institute of Aquatic Science and Technology, Kastanienbaum, Switzerland"
Interactive lifeâhistory traits predict sensitivity of plants and animals to temporal autocorrelation,20 December 2017,"Maria Paniw,Arpat Ozgul,Roberto SalgueroâGÃ³mez","Department of Evolutionary Biology and Environmental Studies, University of Zurich, Zurich, Switzerland,Department Biology, University of Cadiz, Puerto Real, Spain"
Nutrients from salmon parents alter selection pressures on their offspring,15 December 2017,"Sonya K. Auer,Graeme J. Anderson,Simon McKelvey,Ronald D. Bassar,Darryl McLennan,John D. Armstrong,Keith H. Nislow,Helen K. Downie,Lynn McKelvey,Thomas A.J. Morgan,Karine Salin,Danielle L. Orrell,Alice Gauthey,Thomas C. Reid,Neil B. Metcalfe","Institute of Biodiversity, Animal Health and Comparative Medicine, University of Glasgow, Glasgow, UK"
Unexpected spatial stability of water chemistry in headwater stream networks,28 December 2017,"Benjamin W. Abbott,Gérard Gruau,Jay P. Zarnetske,Florentina Moatar,Lou Barbe,Zahra Thomas,Ophélie Fovet,Tamara Kolbe,Sen Gu,Anne‐Catherine Pierson‐Wickmann,Philippe Davy,Gilles Pinay","Department of Plant and Wildlife Sciences, Brigham Young University, Provo, UT, USA,Department of Earth and Environmental Sciences, Michigan State University, East Lansing, MI, USA,ECOBIO, OSUR, CNRS, Université de Rennes 1, Rennes, France"
Contact networks structured by sex underpin sexâspecific epidemiology of infection,20 December 2017,"Matthew J. Silk,Nicola L. Weber,Lucy C. Steward,David J. Hodgson,Mike Boots,Darren P. Croft,Richard J. Delahay,Robbie A. McDonald","Environment and Sustainability Institute, University of Exeter, Penryn, UK"
Node selfâconnections in network metrics,01 December 2017,Santiago Saura,"European Commission, Joint Research Centre (JRC), Directorate D â Sustainable Resources, Ispra, VA, Italy"
Issue Information,14 December 2017,,
Rarity and persistence,06 November 2017,"Geerat J. Vermeij,Richard K. Grosberg","Department of Earth and Planetary Sciences, University of California, Davis, Davis, CA, USA"
Biodiversity and ecosystem functioning in food webs: the vertical diversity hypothesis,22 October 2017,"Shaopeng Wang,Ulrich Brose","EcoNetLab, German Centre for Integrative Biodiversity Research (iDiv) Halle‐Jena‐Leipzig, Leipzig, Germany,Institute of Biodiversity, Friedrich Schiller University Jena, Jena, Germany,Department of Ecology, College of Urban and Environmental Science, and Key Laboratory for Earth Surface Processes of the Ministry of Education, Peking University, Beijing, China"
Decomposing multiple dimensions of stability in global change experiments,05 November 2017,"Helmut Hillebrand,Silke Langenheder,Karen Lebret,Eva Lindström,Örjan Östman,Maren Striebel","Institute for Chemistry and Biology of the Marine Environment [ICBM], Carl von Ossietzky University Oldenburg, Wilhelmshaven, Germany,Helmholtz‐Institute for Functional Marine Biodiversity at the University Oldenburg [HIFMB], Oldenburg, Germany"
Continental mapping of forest ecosystem functions reveals a high but unrealised potential for forest multifunctionality,15 November 2017,"Fons van der Plas,Sophia Ratcliffe,Paloma Ruiz‐Benito,Michael Scherer‐Lorenzen,Kris Verheyen,Christian Wirth,Miguel A. Zavala,Evy Ampoorter,Lander Baeten,Luc Barbaro,Cristina C. Bastias,Jürgen Bauhus,Raquel Benavides,Adam Benneter,Damien Bonal,Olivier Bouriaud,Helge Bruelheide,Filippo Bussotti,Monique Carnol,Bastien Castagneyrol,Yohan Charbonnier,Johannes H. C. Cornelissen,Jonas Dahlgren,Ewa Checko,Andrea Coppi,Seid Muhie Dawud,Marc Deconchat,Pallieter De Smedt,Hans De Wandeler,Timo Domisch,Leena Finér,Mariangela Fotelli,Arthur Gessler,André Granier,Charlotte Grossiord,Virginie Guyot,Josephine Haase,Stephan Hättenschwiler,Hervé Jactel,Bogdan Jaroszewicz,François‐Xavier Joly,Tommaso Jucker,Stephan Kambach,Gerald Kaendler,Jens Kattge,Julia Koricheva,Georges Kunstler,Aleksi Lehtonen,Mario Liebergesell,Peter Manning,Harriet Milligan,Sandra Müller,Bart Muys,Diem Nguyen,Charles Nock,Bettina Ohse,Alain Paquette,Josep Peñuelas,Martina Pollastrini,Kalliopi Radoglou,Karsten Raulund‐Rasmussen,Fabian Roger,Rupert Seidl,Federico Selvi,Jan Stenlid,Fernando Valladares,Johan van Keer,Lars Vesterdal,Markus Fischer,Lars Gamfeldt,Eric Allan","Institute of Plant Sciences, University of Bern, Bern, Switzerland,Senckenberg Gesellschaft für Naturforschung, Biodiversity and Climate Research Centre, Frankfurt, Germany,Department of Systematic Botany and Functional Biodiversity, University of Leipzig, Leipzig, Germany"
"Marine management affects the invasion success of a nonânative species in a temperate reef system in California, USA",01 November 2017,"Jennifer E. Caselle,Kathryn Davis,Lindsay M. Marks","Marine Science Institute, University of California Santa Barbara, Santa Barbara, CA, USA"
Ecoâenergetic consequences of evolutionary shifts in body size,15 November 2017,"Martino E. Malerba,Craig R. White,Dustin J. Marshall","Centre of Geometric Biology, School of Biological Sciences, Monash University, Melbourne, Vic., Australia"
Climate mediates the success of migration strategies in a marine predator,02 November 2017,"Briana Abrahms,Elliott L. Hazen,Steven J. Bograd,Justin S. Brashares,Patrick W. Robinson,Kylie L. Scales,Daniel E. Crocker,Daniel P. Costa","NOAA Southwest Fisheries Science Center, Environmental Research Division, Monterey, CA, USA,Department of Ecology and Evolutionary Biology, University of California Santa Cruz, Santa Cruz, CA, USA"
Warming and top predator loss drive ecosystem multifunctionality,02 November 2017,"Pablo Augusto P. Antiqueira,Owen L. Petchey,Gustavo Quevedo Romero","Programa de PÃ³sâGraduaÃ§Ã£o em Ecologia, Instituto de Biologia (IB), Universidade Estadual de Campinas (UNICAMP), Campinas, Brazil"
"Community structure of insect herbivores is driven by conservatism, escalation and divergence of defensive traits in ",15 November 2017,"Martin Volf,Simon T. Segar,Scott E. Miller,Brus Isua,Mentap Sisol,Gibson Aubona,Petr Å imek,Martin Moos,Juuso Laitila,Jorma Kim,Jan Zima Jr,Jadranka Rota,George D. Weiblen,Stewart Wossa,JuhaâPekka Salminen,Yves Basset,Vojtech Novotny","Faculty of Science, University of South Bohemia in Ceske Budejovice, Ceske Budejovice, Czech Republic,Biology Centre, The Czech Academy of Sciences, Ceske Budejovice, Czech Republic"
Probing the limits of predictability: data assimilation of chaotic dynamics in complex food webs,27 November 2017,"Elias C. Massoud,Jef Huisman,Elisa Benincà,Michael C. Dietze,Willem Bouten,Jasper A. Vrugt","Department of Civil and Environmental Engineering, University of California Irvine, Irvine, CA, USA"
"Recurrent sublethal warming reduces embryonic survival, inhibits juvenile growth, and alters species distribution projections under climate change",15 November 2017,"Michael A. Carlo,Eric A. Riddell,Ofir Levy,Michael W. Sears","Department of Biological Sciences, Clemson University, Clemson, SC, USA"
Ecological selection of siderophoreâproducing microbial taxa in response to heavy metal contamination,21 November 2017,"Elze Hesse,SiobhÃ¡n O'Brien,Nicolas Tromas,Florian Bayer,Adela M. LujÃ¡n,Eleanor M. van Veen,Dave J. Hodgson,Angus Buckling","ESI & CEC, Biosciences, University of Exeter, Penryn Campus, Cornwall, UK"
Community evolution increases plant productivity at low diversity,16 November 2017,"Sofia J. van Moorsel,Terhi Hahl,Cameron Wagg,Gerlinde B. De Deyn,Dan F. B. Flynn,Debra Zuppinger‐Dingley,Bernhard Schmid","URPP Global Change and Biodiversity and Department of Evolutionary Biology and Environmental Studies, University of Zürich, Zürich, Switzerland"
Bottomâup vs. topâdown effects on terrestrial insect herbivores: a metaâanalysis,02 November 2017,"Mayra C. Vidal,Shannon M. Murphy","Department of Biological Sciences, University of Denver, Denver, CO, USA"
